Workbook

Sheet Settings
A1: Lexicore – Unlock progression settings
A2: Blue cells on yellow are inputs (values from the live game code, rework.js). Change them here and every other sheet updates.
A4: Setting | B4: Value | C4: Code / note
A5: XP to next level: base | B5: 80 | C5: xpNeed(lv) = 80 + 15*lv (lv = current level, starts at 0)
A6: XP to next level: per level | B6: 15
A7: Max unlock level | B7: 10 | C7: MAX_UNLOCK
A8: Normal fight XP: base (Act 1) | B8: 9 | C8: fightXp("normal") = 9 + 2*(act-1)
A9: Normal fight XP: + per Act | B9: 2
A10: Elite fight XP: base (Act 1) | B10: 22 | C10: fightXp("elite") = 22 + 5*(act-1)
A11: Elite fight XP: + per Act | B11: 5
A12: Boss fight XP: base (Act 1) | B12: 45 | C12: fightXp("boss") = 45 + 10*(act-1)
A13: Boss fight XP: + per Act | B13: 10
A15: Rules
A16: • XP is earned per fight WON during a run and banked when the run ends (death or victory). XP numbers are never shown to the player, only the Unlocks bar.
A17: • Each unlock level adds exactly 1 relic and 1 consumable to every pool (shop, chests, elite rewards, events, claw machine, wheel). Locked items never drop.
A18: • Leftover XP carries over to the next level. At max level XP stops mattering.
A19: • Heroes unlock separately: entering the boss fight is enough (win or lose).
A20: • Save data: localStorage "lexicore-progress" = {xp, level, heroes[], seen:{e,w,r,p}}.

Sheet Unlock Levels
A1: Level | B1: XP needed (from previous level) | C1: Cumulative XP | D1: Relic id | E1: Relic | F1: Relic effect | G1: Consumable id | H1: Consumable | I1: Consumable effect
A2: 0 | B2: 0 | C2: 0 | E2: (start: every relic not listed below) | H2: (start: every consumable not listed below)
A3: 1 | B3: =Settings!$B$5+Settings!$B$6*(A3-1) -> 80 | C3: =C2+B3 -> 80 | D3: bounty | E3: Bounty Poster | F3: Elites start combat with 25% less HP. | G3: ragesoda | H3: Rage Soda | I3: Gain 10 Might for this turn only.
A4: 2 | B4: =Settings!$B$5+Settings!$B$6*(A4-1) -> 95 | C4: =C3+B4 -> 175 | D4: piggy | E4: Piggy Bank | F4: At the end of each combat, gain 10 gold for every 100 gold you hold (125 gold → +10, 230 gold → +20). | G4: brickmilk | H4: Brick Milk | I4: Gain 10 Robust for this turn only.
A5: 3 | B5: =Settings!$B$5+Settings!$B$6*(A5-1) -> 110 | C5: =C4+B5 -> 285 | D5: laminator | E5: Laminator | F5: Letter tiles you add to your deck (rewards, shop, claw machine) become Level 2. | G5: rocket | H5: Rocket Pop | I5: Deal 50 damage to the target.
A6: 4 | B6: =Settings!$B$5+Settings!$B$6*(A6-1) -> 125 | C6: =C5+B6 -> 410 | D6: papercut | E6: Paper Cut | F6: Every tile you draw during your turn deals 1 damage to a random enemy. (Refilling your hand at the start of the turn doesn't count.) | G6: cluster | H6: Cluster Bomb | I6: Deal 25 damage to ALL enemies.
A7: 5 | B7: =Settings!$B$5+Settings!$B$6*(A7-1) -> 140 | C7: =C6+B7 -> 550 | D7: nail | E7: Rusty Nail | F7: Every attack you cast also inflicts 1 Poison on the enemy it hits. | G7: bigheal | H7: Full Flask | I7: Heal 50% of your Max HP. Usable anywhere.
A8: 6 | B8: =Settings!$B$5+Settings!$B$6*(A8-1) -> 155 | C8: =C7+B8 -> 705 | D8: barbed | E8: Barbed Wire | F8: For every 10 Shield you gain from your words, gain 1 Thorns for the rest of the combat. | G8: panacea | H8: Panacea | I8: Remove every debuff on you: Poison, Weaken, Broken, Curse and Frustrated.
A9: 7 | B9: =Settings!$B$5+Settings!$B$6*(A9-1) -> 170 | C9: =C8+B9 -> 875 | D9: trophy | E9: Big Game Trophy | F9: Gain 1 extra Energy every turn in Elite and Boss fights. | G9: flashbang | H9: Flashbang | I9: Stun the target: it skips its next turn.
A10: 8 | B10: =Settings!$B$5+Settings!$B$6*(A10-1) -> 185 | C10: =C9+B10 -> 1060 | D10: megaphone | E10: Megaphone | F10: Each [ ! ] in an attack word counts as one more attack (for Chalk Tally, Rusty Nail and similar effects). | G10: titan | H10: Titan Serum | I10: Multiply your current Might by 5.
A11: 9 | B11: =Settings!$B$5+Settings!$B$6*(A11-1) -> 200 | C11: =C10+B11 -> 1260 | D11: magnet | E11: Arcade Token | F11: Every ? node becomes the Claw Machine. It only gives 2 tries, but the claw becomes a magnet that pulls in everything around it. | G11: bastion | H11: Bastion Serum | I11: Multiply your current Robust by 5.
A12: 10 | B12: =Settings!$B$5+Settings!$B$6*(A12-1) -> 215 | C12: =C11+B12 -> 1475 | D12: swearjar | E12: Swear Jar | F12: Swear words count as real words, and every swear word you cast gives +2 Arcana. | G12: overclock | H12: Overclock Chip | I12: Your selected weapon costs 0 Energy for the rest of this turn.
A13: Total | B13: =SUM(B3:B12) -> 1475

Sheet XP per Fight
A1: Act | B1: Normal | C1: Elite | D1: Boss
A2: 1 | B2: =Settings!$B$8+Settings!$B$9*(A2-1) -> 9 | C2: =Settings!$B$10+Settings!$B$11*(A2-1) -> 22 | D2: =Settings!$B$12+Settings!$B$13*(A2-1) -> 45
A3: 2 | B3: =Settings!$B$8+Settings!$B$9*(A3-1) -> 11 | C3: =Settings!$B$10+Settings!$B$11*(A3-1) -> 27 | D3: =Settings!$B$12+Settings!$B$13*(A3-1) -> 55
A4: 3 | B4: =Settings!$B$8+Settings!$B$9*(A4-1) -> 13 | C4: =Settings!$B$10+Settings!$B$11*(A4-1) -> 32 | D4: =Settings!$B$12+Settings!$B$13*(A4-1) -> 65
A5: 4 | B5: =Settings!$B$8+Settings!$B$9*(A5-1) -> 15 | C5: =Settings!$B$10+Settings!$B$11*(A5-1) -> 37 | D5: =Settings!$B$12+Settings!$B$13*(A5-1) -> 75
A7: Act 4 has no normal or elite fights (Rest → Shop → Event → LEXICORE), only the boss row applies.

Sheet Run Estimate
A1: How many levels does a run give? Edit the fight counts (blue) to test.
A3: Act | B3: Normal fights won | C3: Elite fights won | D3: Boss won? | E3: XP this act | F3: Cumulative XP
A4: 1 | B4: 3 | C4: 1 | D4: 1 | E4: =B4*'XP per Fight'!B2+C4*'XP per Fight'!C2+D4*'XP per Fight'!D2 -> 94 | F4: =E4 -> 94
A5: 2 | B5: 3 | C5: 1 | D5: 1 | E5: =B5*'XP per Fight'!B3+C5*'XP per Fight'!C3+D5*'XP per Fight'!D3 -> 115 | F5: =F4+E5 -> 209
A6: 3 | B6: 3 | C6: 1 | D6: 1 | E6: =B6*'XP per Fight'!B4+C6*'XP per Fight'!C4+D6*'XP per Fight'!D4 -> 136 | F6: =F5+E6 -> 345
A7: 4 | B7: 0 | C7: 0 | D7: 1 | E7: =B7*'XP per Fight'!B5+C7*'XP per Fight'!C5+D7*'XP per Fight'!D5 -> 75 | F7: =F6+E7 -> 420
A9: Scenario | B9: Run XP | C9: Level reached (from level 0)
A10: Full win (all 4 acts) | B10: =F7 -> 420 | C10: =MIN(Settings!$B$7,COUNTIF('Unlock Levels'!$C$3:$C$12,"<="&B10)) -> 4
A11: Die in Act 1 boss | B11: =B4*'XP per Fight'!B2+C4*'XP per Fight'!C2 -> 49 | C11: =MIN(Settings!$B$7,COUNTIF('Unlock Levels'!$C$3:$C$12,"<="&B11)) -> 0
A12: Die in Act 2 boss | B12: =F4+B5*'XP per Fight'!B3+C5*'XP per Fight'!C3 -> 154 | C12: =MIN(Settings!$B$7,COUNTIF('Unlock Levels'!$C$3:$C$12,"<="&B12)) -> 1
A13: Die in Act 3 boss | B13: =F5+B6*'XP per Fight'!B4+C6*'XP per Fight'!C4 -> 280 | C13: =MIN(Settings!$B$7,COUNTIF('Unlock Levels'!$C$3:$C$12,"<="&B13)) -> 2
A15: Runs to reach max level (full wins only) | B15: =ROUNDUP('Unlock Levels'!B13/B10,1) -> 3.6
A16: Runs to reach max level (dying in the Act 2 boss) | B16: =ROUNDUP('Unlock Levels'!B13/B12,1) -> 9.6

Sheet Heroes
A1: Order | B1: Hero id | C1: Hero | D1: Unlock condition | E1: Max HP | F1: Starting weapons | G1: Starting relic | H1: Select-screen hint (locked)
A2: 1 | B2: scholar | C2: The Scholar | D2: Available from the start | E2: 70 | F2: Spellbook, Barrier | G2: Journal | H2: —
A3: 2 | B3: champion | C3: The Champion | D3: Reach the Act 1 boss (enter the fight, win or lose) | E3: 88 | F3: Greatsword, Dumbbell | G3: Berserker's Blood | H3: Reach the Act 1 boss (enter the fight, win or lose)
A4: 3 | B4: mercenary | C4: The Mercenary | D4: Reach the Act 2 boss (enter the fight, win or lose) | E4: 60 | F4: Parrying Dagger, Utility Belt | G4: Quick Gloves | H4: Reach the Act 2 boss (enter the fight, win or lose)

Sheet Always Available
A1: Type | B1: id | C1: Name | D1: Category | E1: Effect
A2: Relic | B2: blood | C2: Berserker's Blood | D2: Starter (hero only) | E2: Starter relic of The Champion. Your attacks deal +1 damage for every 4 HP you are missing.
A3: Relic | B3: journal | C3: Journal | D3: Starter (hero only) | E3: Starter relic of The Scholar. The second time you cast the same word in a combat, its output is doubled. From the third time on it scores normally.
A4: Relic | B4: gloves | C4: Quick Gloves | D4: Starter (hero only) | E4: Starter relic of The Mercenary. After the first word you cast in each combat, draw as many tiles as it used.
A5: Relic | B5: bird | C5: Bendy Straw | D5: Common | E5: Heal 5 HP whenever you use a consumable.
A6: Relic | B6: potbelt | C6: Bottle Rack | D6: Common | E6: Gain 2 extra consumable slots.
A7: Relic | B7: berry | C7: Canned Peaches | D7: Common | E7: Raise your Max HP by 7 when you pick it up.
A8: Relic | B8: ticket | C8: Caravan Stew | D8: Common | E8: Heal 15 HP whenever you enter a shop.
A9: Relic | B9: nib | C9: Chalk Tally | D9: Common | E9: Every 10th attack you cast deals double damage.
A10: Relic | B10: medkit | C10: Duct Tape | D10: Common | E10: The first time you fall below 50% HP in a combat, heal 12.
A11: Relic | B11: coupon | C11: Haggler's Badge | D11: Common | E11: Everything in the shop costs 25% less.
A12: Relic | B12: knuckle | C12: Iron Knuckles | D12: Common | E12: Start each combat with 2 Might.
... A81: Consumable | B81: fire | C81: Volatile Flask | D81: Combat | E81: Deal 20 damage to the target (×Act number).
A83: ="Relics: "&COUNTIF(A2:A81,"Relic")&" · Consumables: "&COUNTIF(A2:A81,"Consumable") -> Relics: 61 · Consumables: 19
